,poste,entreprise,lieu du poste,description,lien du poste,Salaire,Type de poste,Temps de travail
0,Data Analyst H/F,Peroptyx,Marseille (13),"Join Our Dynamic Team as a WFH Data Analyst!
Are you ready to embark on an exciting journey into the world of data analysis from the comfort of your home? We're on the lookout for passionate individuals to join our team as part-time Data Analysts. The best part? No prior experience is required – we provide comprehensive training throughout the application process!
Why Choose Us?
Flexibility: Work on your terms, with a schedule that fits seamlessly into your lifestyle. Whether you're a night owl or an early bird, we believe in providing the freedom to excel at your own pace.
Remote Work: Say goodbye to the commute! Enjoy the benefits of a work-from-home setup and collaborate with a dynamic team from the comfort of your own space.
Comprehensive Onboarding: Don't worry about your lack of experience – we offer a thorough program as part of the application process to help you develop with the skills needed for success.
Application Process:
1: Apply and Create a Profile: Kickstart your journey by applying through our applicant tracking system, Connect. Create your profile to showcase your potential.
2: Quick Screening Questions: Answer a few brief screening questions. Our team will conduct a quick review to determine if you're a good fit for the next stage.
3: Final Stage – Assessment: If selected, you'll move to the final stage. Gain access to our comprehensive assessment and learning materials. Answer 30 questions correctly, and you'll be on your way to joining our team!
Our application process is designed to be simple and stress-free. Start and finish it at your own pace, and you could be on your way to an energizing and fulfilling career as a Work-from-Home Data Analyst.
Ready to dive into the world of data analysis? Apply now and let's unlock your potential together!
Job Type: Part-time
Pay: 630.00€ - 1,260.00€ per month
Expected hours: 10 – 20 per week
Work Location: In person",https://fr.indeed.com//pagead/clk?mo=r&ad=-6NYlbfkN0BQmrtWBJ-ayhfcEtLBbPyRsVnb0ptbLLTGp8pOCDI7jCh6RCfwZ5U-W-oVgepdCFn9Eod8HPS8RfjeUVVLx-KJ0ImXGbovIQBfPbqftqQDT-3LwB6AjQC90zwQAcNNxtjHjM0JZeHqcVZKpow7HgEN_DrcMxCtPUs8bk9d5bBIF_eQRZzTkxBPM4iun26-TNgh_jH3dHTV2YA-kTwFrMveNc8JgyCk2YQDazXxMz_YeIj0bQYY_qfNznMcVnacYR-4Ou0Wey7MCg8R90B1DHWUI9Q_BugxwUQ8h5O2JLaUM0vbrK7Ln1a1ldntlHJJ6lGLWn3GfIlgxVaIFW6lexe_7BTKEfyUms1WhmVRfXZypODCoykNdRVGwOhneHWlR8k3id03fZjf8YvzmTWYqaITHxViUtwFybEic3fBlnQKrBcqY4W8S8Ruy45aU5a_f3veIt9iSiAPT90mQ3FnIL6V8hIpcT1V0ItGc5F9yiwwaTmjK1ekaBiZ8FgTfP4lBwTH8C0D-gRzN8Ak-ypW76ABs4nOwYgllqn97d4tvkrojV8VV6kZABmdU1cEOt09uVFLbjR7K_TPJCbCG2wNqC9g7JMKO_AUC-c=&xkcb=SoCU6_M3A78x3swHIZ0LbzkdCdPP&camk=4HOcmqOLYrA6ixoH3NOrlA==&p=0&fvj=1&vjs=3,"['De 630 € à 1\xa0260 € par mois', '']","['Part-time', '']",
1,Data Analyst H/F,Aterno,Entzheim (67),"
Acteur de la transition écologique et expert de l'efficacité énergétique depuis 1993, le groupe Hestiom (Aterno, Aterno ENR et PowerPark) réalise un chiffre d’affaires de 47M€ en croissance moyenne de 10% par an, et emploie plus de 200 collaborateurs. 
Nous aidons nos clients B2B et B2C à mieux maîtriser leurs impacts énergétiques en devenant producteurs-consommateurs d’électricité renouvelable et en optimisant l’efficacité de leurs équipements thermiques en matière de chauffage.
Nos solutions innovantes, bas-carbone et clés en main, sont alignées avec la Taxonomie Européenne. Notre volonté d’avoir un impact concret et durable est soutenu par une Stratégie Sustainability claire et ambitieuse. Afin de poursuivre notre développement, nous recherchons un :

 DATA ANALYST H/F

 Responsabilités

 En tant que Data Analyst, vous serez directement rattaché(e) à la Direction des Systèmes d’Information et travaillerez en étroite collaboration avec la direction générale.
 Votre rôle consistera à apporter un soutien essentiel à la direction en analysant les données recueillies par différents canaux et stockées dans plusieurs bases ou systèmes.

 Missions


 Synthétiser et rendre accessible l'information en la vulgarisant pour les dirigeants et les différentes équipes de l’entreprise.
 Recueillir, traiter et analyser les données brutes pour produire des statistiques, des analyses métiers et des recommandations.
 Analyser les indicateurs de performance et formuler des actions préventives ou correctives.
 Elaborer des tableaux de bord par activité dans les différents services.
 Concevoir et améliorer les rapports issus du Business Intelligence (BI) pour assurer une vision cohérente des résultats d'activité pour les différentes équipes.
 Superviser l'amélioration continue du système de récupération des données auprès des utilisateurs internes.
 Assurer une veille technologique.


 De formation universitaire ou grande école Bac+ 4 ou Bac+ 5 en informatique, management, statistiques ou marketing, une première expérience réussie en tant que Data Analyst est souhaité.

 Vous maitrisez :


 Les outils et langages tels qu'Excel, SQL, Python
 Les principes de base de la comptabilité


 Vous avez d'excellentes compétences en communication, vous faites preuve de rigueur et avez le sens de l’organisation.

Vous êtes en capacité de rédiger des rapports clairs pour présenter les tableaux de données et les analyses.
 Vous disposez de connaissances juridiques et réglementaires sur la gestion des données (usage, délais, durée de vie).

",https://fr.indeed.com//pagead/clk?mo=r&ad=-6NYlbfkN0DsnN2B48acATQ1Xkxdc1ehxpNiEFktjMTlSZIERQSsxaKpoMAR0YmZTviaaMm-rwscDTP8kBboNB2DXmsV-Cf77Ar-9FcnVyb63SCeyohAC0hF11bUacUxNLoNqPLCURP-oBw1fOiHQ9Sitm9x2Ex48XxX-difavQGPNni0Qvy5vosmaKeShKjLuzK92XGHza4Xl3SEcAczUREvVkgikR5eFybQcLvjUhIDlbMTgDRZfjMgvDPqR7V7l23y4Ue8l8r6O2iZtNij0SSHz_5t0YRZ2akq5sPXABjn-E2pGUQ3nzmLCx7jWSLV-qycjRRTMD5PLlaz45vsrf8NHUZa9Tb-nxtRQE8hnN07g2ECLOYUCsKUMkuvyDEwR1xXqjEFqBteDCYVGDOkl1rTYJOLQnJr9I9L4N9ANRrVUQbKK4DjeDscmaQ334XwCb0s2fr-aWDAV87MzfkTpHRGxNWbaJhPa-PnobvR8t9cTj3Dl4TyMil_LdOq9l6TVuCcvjD46osHI8fvCwCZPNkRGzmfAte7D430_Qsz6HbGsc726jIw4BFQPuhZ0xYWjoAhLrDaO7Fr1jRJXVxctUxXA5bcRUjyNP6F9CueDGcvhXThCCR51v7st_CjiQaCRXZHxSwF6l9kUdNNW1ksoNmVgRxGItvzWaD1_6x9vVn_5LJZDwrMfdTeAFKnba-obH_zih9nDOmP5RjXMWOQuoZg-suiY5U&xkcb=SoAg6_M3A78x3swHIZ0KbzkdCdPP&camk=4HOcmqOLYrCZwUNonoObCw==&p=1&fvj=0&vjs=3,,"['CDI', '']",
2,Data analyst HPC F/H,Framatome,Montrouge (92),"
Informations générales 



Entité légale Chez Framatome, filiale d'EDF, nous concevons et fournissons des équipements, des services, du combustible, et des systèmes de contrôle-commande pour les centrales nucléaires du monde entier. 
    Nos 18 000 collaborateurs permettent chaque jour à nos clients de produire un mix énergétique bas-carbone toujours plus propre, plus sûr et plus économique. 
    Nos équipes développent également des solutions pour les secteurs de la défense, de la médecine nucléaire et du spatial. 
   
 Implantée dans une vingtaine de pays, Framatome rassemble les expertises d'hommes et de femmes passionnés et convaincus que le nucléaire est une énergie d'avenir. 
   
 Entreprise responsable, nous développons des actions pour former et accompagner les premières expériences professionnelles (label Happy Trainees), intégrer tous les talents, dont les personnes en situation de handicap, œuvrer pour l'égalité professionnelle et la mixité de nos métiers (94/100 à l'index de l'égalité hommes-femmes) et concilier les temps de vie. 
   
 Pour suivre notre actualité, retrouvez-nous sur www.framatome.com, LinkedIn, Instagram et X. 
  

Référence 2024-17346 
  

Date de parution 03/06/2024 
  

Description du poste
 Métier 
 IS - SYSTEMES D'INFORMATION - IS5 - Digital
 Intitulé du poste 
 Data analyst HPC F/H
 Contrat 
 CDI
 Fourchette de rémunération 
 de 40 à 50 K€
 Description de la BU 
 BU CORP
 Description de la mission 


EDVANCE, société créée le 1er juin 2017 et détenue à 80% par EDF et 20% par FRAMATOME, est une filiale d’EDF, en charge de la conception (basic design) et de la réalisation (des études, à l’approvisionnement, au montage jusqu’aux essais et la mise en service) d’îlots nucléaires pour les nouveaux projets en France et à l’international. Fer de lance de la filière nucléaire française, elle vise à se positionner durablement sur les marchés du nucléaire à l’international et sur ceux du renouvellement du Parc français.

 Dans le cadre de la digitalisation des projets nucléaires, la production de données de conception devient de plus en plus indispensable pour contrôler la conception et la construction de centrale nucléaire type EPR au Royaume-Uni. Le projet HPC utilise les données (les précédents étaient basés sur l’utilisation de documents) pour gérer la maturité de la conception et les configurations physiques « tel que fabriqué » et « tel que construit ». La direction technique HPC d’Edvance qui abrite l’équipe en charge de la gestion des données est à la recherche d’un analyste de données pour travailler à la qualité et à la cohérence des données de conception.

 LA MISSION :
 Le/la candidat(e) sera responsable de la livraison des données de certaines listes d’équipements du projet. Il contribuera à l’animation des propriétaires et collecteurs de données au sein des équipes d’ingénierie. Il doit être capable d’identifier rapidement les données manquantes par rapport au standard qui a été défini. Il doit également corriger les incohérences avec les données d’autres disciplines afin d’améliorer la qualité de l’outil existant. Il doit pouvoir proposer de nouvelles fonctionnalités et toute évolution nécessaire à l’amélioration de ces données et des contrôles automatiques de cohérence. Il sera également chargé de définir les spécifications des outils liés à la gestion des données et de réaliser la vérification des développements. Enfin, il suivra le développement de l’outil de collecte automatique des données disponibles dans les documents.

 L’emploi est situé à Montrouge mais nécessite des déplacements fréquents à Bristol.



 Profil




Bonne connaissance de l’industrie nucléaire et du fonctionnement d’une centrale type EPR
 Expérience en gestion de données et utilisation d’outils digitaux
 Maîtrise d’outils d’analyse de données comme PowerBI et SQL, capacité à développer des macros Excel et à gérer des bases de données d’ingénierie



 Localisation du poste
 Localisation du poste 
 France, Ile-de-France, Hauts-de-Seine (92)
 Site 
 Montrouge
 Déplacements 
 Fréquents
 Critères candidat
 Niveau d'études min. requis 
 Bac+5
 Niveau d'expérience min. requis 
 Expérimenté (5 ans et plus)
 Niveau d'emploi 
 Cadre
 Informations additionnelles
 Poste soumis à enquête administrative 
 Oui
 Poste soumis à autorisation au titre du contrôle des exportations 
 Oui
",https://fr.indeed.com//pagead/clk?mo=r&ad=-6NYlbfkN0AmubBfoKcK7BsfMiws_7oZwX8w0DZlVtPJgbnVPprUUHQOvhITUJb64qdlglkQWIWIamRLqT2jF9f94hZAQxDJ9fmX38rFvYrOoN3NgkDA_AWVUqAMKtj5im-W0RT1vCQ0d1YSG6hJFFE0IwG5MrdgOc5Fu-z6egcPDXPsp7HyLddDfoSdX6SlYDwK3fLHiIivyjbV6PrsvhB3isy00YncR7bhULAN1qU7iveXm0lKAfY8UmRgz3q_ARI82xC2rnHvswI_32KPNDaBrrAPW_Ir25xC3Zy_2CiB7MP8nY6VcwCQazv2XAJQ15jjtL_4p0UDYf7nMps6xcqTEutcLTMeIMr0kWvfLd5L6zJ2jRKMTLCGbmcBkmbDR_h7KUAA8p2Esz-29O9maSKgLZkXTCa9P494M--gLtQu1YOF6Zi-7JxM5fI17_GgXgKzvNKPk_1FJfxg0OqTRdhynstF_7z0pSiLcwcsuD6YWDMC8hlvG0BCUHMh7t5dmna8uDXUwvk2LD-rF47yACJTNqicm1hqGC1PqnCpmhdEzDTmCiAI2QFCL-gyG5G-Gcwro_2BVGnxTbNqIx-gcm8rE3aWkZMqrSBESYGkr69O3PWtjgNzz_pBQiAgyDCMpkH5cVC5yPiwG5mzcZlSC4Ze4cr-b6PXnBxUl6y7fpQHneBn_kLQ5C6dPNJ4cfHiiYVYTfZCWNajmW100LEBxLOBAe7Ux4UZ0z4LHPrnDMc=&xkcb=SoC96_M3A78x3swHIZ0JbzkdCdPP&camk=H-lBaXMUocKhNeEmQHADNA==&p=2&fvj=0&vjs=3,"['De 40\xa0000 € à 50\xa0000 € par an', '']","['CDI', '']",
3,Business Analyst Trainee H/F,Vygon,Écouen (95),"


Rattaché au pôle BI de la DSI Vygon groupe, l’alternant Business Analyste BI représente le lien opérationnel entre la DSI et les métiers sur l’environnement BI du groupe. Il est à l’écoute du métier pour qualifier / challenger et implémenter les différents besoins Data.

 Tu travailleras au sein de l’équipe BI et seras amené à coopérer avec les différentes équipes : commerciale, finance, marketing, supply, prod. Etc.

 Tes missions seront les suivantes:

 Recueil des besoins

Rédaction des spécifications fonctionnelles des applications BI déjà en place et à venir.



 Etablir les logigrammes DAT des applications BI (depuis la source de données jusqu’à l’application BI)




 Exploitation & analyse des données



Exploration et analyse des données via notre outil BI



 Création de KPI exploitables par le métier




 Création de Dashboards BI




 Analyses ponctuelles




 Garantir la pérennité de l’environnement BI



 Veille sur la qualité et la pertinence des données


 Monitoring de la chaîne d’intégration des données depuis les diverses sources (ERP S4HANA, EPM, WMS etc)




 Maintien opérationnel des rapports BI en place




 Création de rapports réguliers à destination des équipes (e.g. les chiffres du mois, du semestre, de l’année)




 Communication et interaction avec les autres équipes




 Participer activement au projet de refonte de l’ERP



Aider à la création d’un environnement BI unifié groupe avec la mise en place de SAP analytic Cloud




 Profil 


Vous préparez un diplôme BAC+4/5 , en école d’Ingénieur, de Commerce, ou en cursus universitaire, avec une spécialisation en Système d’Information ou Finance et vous recherchez une alternance pour la rentrée septembre 2024?
 Vous avez un goût prononcé pour les chiffres et les statistiques ainsi qu'une bonne appétence des outils excel / SQL / business intelligence
 Vous êtes rigoureux, possédez un bon esprit de synthèse et d’analyse
 Vous faites preuve d’une aisance rédactionnelle et relationnelle  Votre niveau en français est courant. Vous justifiez d’un niveau d’anglais avancé.
 Ce que cette alternance va vous apporter :
 Une opportunité d’alternance dans une entreprise pérenne qui connait une croissance constante.
 Un cadre de travail agréable et verdoyant.
 La possibilité de 2 journées de télétravail par semaine en fonction de votre rythme école/ entreprise.
 Un CE attractif (chèques cadeaux tout au long de l’année).
 Une prime d’intéressement annuel en plus de votre salaire de base.

 Poste ouvert au contrat d’alternance de 12 à 24 mois sur notre site d’Ecouen (95). Démarrage pour septembre 2024.

 Envoyez-nous votre CV au plus vite et nos équipes recrutement seront ravies de vous recontacter.


 Localisation du poste
 Localisation du poste 
 Ile-de-France, Val d'Oise (95)
 Lieu 


   Ecouen
 

",https://fr.indeed.com//pagead/clk?mo=r&ad=-6NYlbfkN0Bztla-REC3zyq1iAdkWU_w5chhMFy7EIztd0R9n4atpKBObVpG2759RWvyOxgCzS9-_7uDlOkhAvwZW6QtQgqyvklvOntBpYF-o4pfFxW78CKVBmhOmHalSozMx5VZGWDzpPwNv7gZjlDqI_TNTFB_mEhWUWDt2b4A8R3i6ehgEsPvuDAqX2xdtjDj1fdzSHZlrSTbN_OiWkWMbyjtdK6pGrttMKEGWdwg9x6r5ckFknJ36rrwhErHP4hiY4Bg10Pex8hOILEAKnM0Lspe5Q07tbjfFXl9VI-gZOS2NCUiHSafvNI-BYvqXIQjjiEBAOfofgh08tjamSutmfw_wWSeH5Xl3hlDaZ_gXqn-U5M86hGdqXSQYkHVYJMKLD5c7SovzSKZBxJ3hO7W0MEdIQ0qlga_xBW8ngeH7spfzMVWd0j15aNVbeCDZ5KT3b7QHuU2L_hopqGJGkli8WkC2uKRTlJ-XfJt60LUMA3oS1IZmeKTGDfvKkYnLqn9qGElDeYO4-A-n9lffjLykAU2w_PlBBFwimdh4K5RML1cmcyBd6BV7fan3hicRe9Wmy_e40WuM5jzAovmOaCL2RJ9_3YVXyL6WcVokzbL9jkG6BYOn4T87PNppSkp0oEDHPg_7nrPxKtOdcx5yiX3ctxVHvAl6sbJnpJZClBCcuBOaU1mwJjPii1tdM3lQoGQX5Klgkw=&xkcb=SoAJ6_M3A78x3swHIZ0IbzkdCdPP&camk=xqnMBGaf-K87Mxi7MWK40Q==&p=3&fvj=0&vjs=3,,"['Alternance', '']",
4,Consultant(e) Data Analyst / Gestionnaire de Campagnes Marketing H/F H/F,Consort Group,Paris 17e (75),"

France — Île-de-France — Paris 17
CDI
Groupe CONSORTIA 
Publié il y a 2 mois 





Mission

Vous avez une forte appétence au Marketing et le monde de la Data vous passionne ? Rejoignez Consortia en qualité de consultant(e) Data Analyst / Gestionnaire de campagnes marketing.

Votre mission principale consiste à participer à l’application de la stratégie marketing multicanal de votre client : du recueil des besoins aux déploiements des ciblages en passant par la coordination des besoins et la gestion des échéances ou au suivi de la délivrabilité
Vous participez à la mission de communiquer au bon client au bon moment à travers le meilleur canal, avec pour objectif l’augmentation des conversations (achats, trafic, branding, …) et/ou la limitation de l’attrition
Vous analysez la performance des campagnes à travers nombres d’indicateurs permettant d’optimiser les ciblages des campagnes futures
Vous recommandez des axes d’améliorations en vous appuyant sur la pertinence de vos analyses et votre force de proposition






Profil


Diplômé(e) en data ou en statistiques, vous avez un intérêt prononcé pour le marketing, la connaissance client, l’exploitation des data dans la variété de leurs approches et des outils ou langages.
 Fort d’une solide expérience (3 ans minimum) envie de vous épanouir en Data Analyse / gestionnaire de campagnes marketing, vous avez développé une expertise fonctionnelle et une maitrise technique sur des outils comme Adobe Campaign, Unica, Salesforce , SAS, R, SPSS …
 Vous faites preuve de dynamisme, êtes adepte du travail en équipe, accordez une grande importance à la qualité, la fiabilité de vos livrables et aux respects des échéances. En outre, vous avez un sens du service client développé, une appétence pour le marketing, une capacité à communiquer, vulgariser et présenter votre travail.





Présentation de Consort Group 

Acteur de référence des systèmes d’information augmentés par l’intégration stratégique de la data, Consort Group accompagne depuis plus de 30 ans les entreprises pour leur permettre de valoriser leurs patrimoines données et informatiques à leur plein potentiel.
 Intégrer Consort Group, c’est faire partie de communautés d’experts où partage, développement, transmission et entre-aide riment avec engagement et accompagnement.

Consortia, expert Data, Développement digital et Ingénierie Média.
Consortis, leader des services managés aux infrastructures



 Consort en France et ses communautés Consortia
 En France, Consort Group met au service des majeurs du CAC40 et des ETIs ses services et expertises, s’appuyant sur son innovation pour répondre aux évolutions technologiques.
 Mobilisant les savoir-faire de ses communautés d’experts, le groupe entend apporter, sous la marque Consortia, des solutions aux enjeux de la Data, du développement et de l’intégration de solutions informatiques et de la performance des Médias. Inscrivant ses services dans une culture agile très encrée, Consort apporte à chacun de ses projets et missions l’appui de l’ensemble des communautés.
 La présence nationale de Consort en France favorise la proximité clients comme collaborateurs et apporte à chacun les atouts du groupe et la personnalité propre à chacun de ses territoires :

Île-de-France : point de cristallisation des savoir-faire du groupe, veille et partage sont la clé des projets d’innovation des agences centrées sur nos expertises phares,
Nord : des expertises importantes dans les domaines Infrastructures et Testing sur Lille, favorisant le développement de chacun,
Ouest : un accent mis sur les expertises d’intégration applicative, dans un fort esprit de convivialité et proximité, au service des régions de Nantes, Rennes et Angers,
Sud-Ouest : une représentation de l’ensemble des expertises du groupe sur les régions de Toulouse, Castres et Bordeaux, faisant le choix de l’accompagnement individuel,
Rhône-Alpes : un centre d’expertise en matière de sécurité complète une orientation infrastructure importante, dans un esprit d’individualisation de la relation important.

Nos communautés techniques ouvertes favorisent le partage de connaissances et l’innovation, de façon régionale comme nationale.
 Consortis
 Mobilisant les savoir-faire de ses communautés d’experts et la force de son outil industriel, le groupe entend apporter, sous la marque Consortis, des solutions aux enjeux de la Digital Workplace, la Sécurité et l’efficience des systèmes d’information. Inscrivant ses services dans une culture DevOps très encrée, Consort apporte à chacun de ses projets et missions l’appui de l’ensemble des communautés.






",https://fr.indeed.com//pagead/clk?mo=r&ad=-6NYlbfkN0AjM4g4rf9scC_XQ0z_IfFf5UJwYKAZQFeb-slYobg_UEMzorcsddHiSu29d1EV_XDBm3isCCzDZtWrqF6ohjfSR-igX2MtBRD9U5DbxHUC8WykSbwH5pSXG29nbhuSu4GEHqdan4XhTh3lgIZ26Nry59TKKJiQf0vqMC3MEa2RFibiQIW16rvP2xmVLhYha2V1et11nvgSqqWbY2XqJJm0pVx_MjgXHACQTvMuswG90r4QCsi_3dyX_E-d-CD4CUt660jdQjlr73usan5_VlvOWB37q5CZoZnXxOFd00GSTomH2fKUPLyPuFfsEX-CGOtDaYOOGWekwEk5OChrafcghmZ_u5GU7bPPZ5Pzywr73QI5D9Qg0Ze73S-T1LjFaUmjLnHV9Wje3itMcUkJOVRLxkq4Pf52jYXWJWIlyWQCXyK7n6E3fakY0UbAJ3O1WeE9E5eHuUMNPUeQ5lXCUXDTB10HKpbNgXL4dY2JlwzbLYnN59Ax_Edp9qlS525knFcKBRLJ2nml0-QFYJV_mC6r429wfrrM3So9SafvkVuKlhELiqBL6qR7VlPB1RNZ9wXAkDtedkoDNPEFyZhjffGObiV-9WzbCmMAHiSFNo9-hFj_1GyD6k4N2oQ0rtz1i5hpkL14H6-SA-QX23901vKYQoJ5OirMWAtdz_mN7xLBkeNd4P5uJYfVDFS5CSNnEZH7otRAEvQEOr8EOiLh8x25nQEl7KIVWSkCBFzZqTVzHRzzms7abVv8AntOqoGy-xXDDd-OWapX9w==&xkcb=SoCH6_M3A78x3swHIZ0PbzkdCdPP&camk=4HOcmqOLYrBUNLhK27_b4Q==&p=4&fvj=0&vjs=3,,"['CDI', '']",
5,DATA ANALYST F/H,King Jouet - Recrutement,38500 Voiron,"
King Jouet c’est avant un tout une entreprise familiale en pleine croissance, avec des équipes ayant pour envie commune, d’accompagner les parents et faire rêver les enfants. Vous avez l’informatique dans l’âme et aimez les nouveaux challenges ? Alors, c’est parti on joue !
 Le but du jeu :  Vous avez le rôle de Data Analyst F/H, avec pour principales missions : la mise à disposition des métiers des outils informatiques, des techniques et méthodes pour permettre d'organiser et synthétiser les données métiers. Vous analysez et traduisez le besoin métier pour produire ensuite les indicateurs de performance qui permettent les prises de décision.  Les conditions :  Au sein du Pôle Informatique et intégré(e) à l'équipe Data & Développement, vous serez rattaché(e) à Vincent, Responsable Data Management et Développements.  Un plateau de jeu sous la forme d'un open space, avec 15 joueurs.  Pour gagner la partie, vous devrez :
 Avoir un rôle fonctionnel pour accompagner les métiers :

 Maitriser le patrimoine de données transverse du Groupe.
 Être force de proposition sur les bonnes pratiques dans la gestion et la mise à disposition des données BI.
 Challenger les besoins afin de garantir la simplicité et la maintenabilité du modèles de données BI.
 Contribuer à faire évoluer les process afin de garantir la qualité des données

 Traduire techniquement les besoins :

 Concevoir et réaliser des indicateurs et des rapports.
 Contribuer activement au maintien en condition opérationnelle des flux de données et des rapports.
 Documenter et maintenir la base de connaissance des données du Groupe.
 Contribuer activement à l'amélioration du système d'informations dans son architecture et ses performances

 Issu(e) d’une formation spécialisée en informatique, vous disposez de minimum 3 ans d’expérience en gestion de données idéalement dans la distribution.
 Vous avez quatre cartes entre les mains : travailler en équipe, savoir communiquer, synthétiser un besoin et vulgariser une solution technique
 Côté technique, vous avez des compétences reconnues dans la technologie des données :

 Maitrise des bases de données et SQL
 Maitrise d’un ETL/ESB comme Talend ou Magic
 BI Microsoft : PowerBI, Azure Data Factory, Azure DB, Synapse Link.
 Sources de données : ERP D365 F&O, BDD Oracle, API WS, fichiers (plats, Excel, xml, json)

 Votre carte Joker : vous avez une expérience architecte BI !
 Et si vous piochez celle de « l'engagement », alors c’est gagné. Car chez King Jouet, au-delà d’un diplôme c’est votre personnalité qui fera la différence.
 Les dés sont lancés, ne passez pas votre tour, jouez, postulez !
 Découvrez ici notre page entreprise et notre processus de recrutement.
 Chez King Jouet, vous bénéficiez d'avantages tels que les tickets restaurant, une prise en charge mutuelle et titre de transport à hauteur de 60% chacun par l'employeur ! Vous profiterez également des offres de notre CSE, des variables individuelles et collectives, de l'épargne salariale et de l'avantage salarié sur les produits de notre enseigne !  Nous proposons également le télétravail (2 jours / semaine), 1 jour de congé supplémentaire pour l'engagement associatif, des formations régulières (Management, outils, sécurité...) et un processus d'intégration complet avec un parrain dédié ! Chez King Jouet, nous avons à coeur de faire évoluer nos collaborateurs et jouons la carte de la mobilité interne grâce à nos nombreuses opportunités !  Dans nos locaux situés à Voiron, vous pourrez déjeuner au sein de notre cafétéria équipée avec tout le nécessaire pour réchauffer votre plat et de distributeurs de boissons chaudes. Une terrasse agréable s'y trouve à côté pour déguster un café et pourquoi pas essayer les nouveaux jeux de société présents dans notre ludothèque.  Dans le cadre de notre politique de recrutement visant à lutter contre toutes formes de discrimination, nous étudions, à compétences égales, toutes les candidatures en favorisant l'égalité des chances, la diversité des individus ainsi que l'intégration des personnes en situation de handicap au sein de nos équipes.
 Qui sommes nous ? Entreprise familiale fondée en 1875 à Voiron dans le département de l’Isère (38), le Groupe King Jouet emploie près de 1 800 collaborateurs et figure aujourd’hui parmi les leaders français dans la distribution de jeux et de jouets. Fort d’un réseau de plus de 350 magasins répartis sur l’ensemble du territoire, le Groupe King Jouet a conservé son ancrage territorial avec un siège social et un entrepôt logistique toujours situés sur le pays voironnais.
 
 #SPONSO
",https://fr.indeed.com//pagead/clk?mo=r&ad=-6NYlbfkN0CNzqU8AJpVWZdJvP5Jjv8x2BQ_6w0TtfMjvPIkft4jpO_Br6wzJdrXpZBWYPv6ghPFEKK5S3b7akw6QxFDA3AIt8lHb0HuBWAv9D9b6hfNGC41tty7GSpi6o47GDJB_C85IeATKX48g54rlC6gESl3KUtK96sCi_8MKd8uePZ5HHNAuIeqGj3MIk9CLsB6_ZD6tyiDX1yAD4Ztat1Xby9s5OQTuG358gY4vO3ox_EgRWWTgLIMmn3Y1Q5KistTMYHvzzz6O0C7hSoz2fe-dutBQKbnIF1NdEZ9qa73LoZ5RUQB0pU7DAIJsnkZNpM-POW4eUgPOwsYmRb7g_NGGnCckgu7MMQaMPC2ElkjI3YaDNiGKiQpAGuav3OFo1BN08yTO9HgV3b3HnmXyulp105Z9GbFcCwn5GSKu5y0B_OBaQd7__z_3l6g0SW8OIiXcTs4V3rOLUNg4BDLCi_PqhqG4EmkFPCZt3lLuvC4JcdIMhNo1nrgSBn5vYGg98i42nBRT7gf_kV6ipwJvneIdckcf4R3TNsez3DVLuBBoXPc9_qkJ_DKQoqZQuoMP6XWb66fQZ2l3wEF1804EQ8tMxFrM7eV-5Y9ectDeRv8zQqE2gDxI95KMIMqJIU43uj91ENMzmO3VMzUvMkrdGu9TscpKRCKOgnQQDcqPKf77WaGBl8vvWBR47ZhF4QiB2E7piU=&xkcb=SoAz6_M3A78x3swHIZ0ObzkdCdPP&camk=4HOcmqOLYrBmU-mwFSkzpQ==&p=5&fvj=0&vjs=3,,"['CDI', '', 'Temps plein', '']",
6,Chargé de domaine data - Analyste Qualité des Données (F/H),MACIF,Niort (79),"Description de l'entreprise :
 Entreprise de l'Économie Sociale, la Macif n'appartient ni à des actionnaires, ni à l'État, mais à ses sociétaires. Chaque jour, près de 10 000 salariés se mobilisent pour apporter la meilleure qualité de service à nos 5,6 millions de sociétaires et adhérents en assurances dommages, santé-prévoyance et finance-épargne. 

 Rejoindre la Macif, c'est s'engager dans une entreprise qui innove et qui développe ses expertises sur le marché globalisé des services, notamment ceux de demain. C'est aussi s'engager dans une entreprise mutualiste, qui place les femmes et les hommes au coeur de sa stratégie de développement, notamment grâce à notre politique de ressources humaines axée sur le développement et le renforcement des compétences de nos salariés. 

 En lien avec sa démarche de ""bien vivre ensemble au travail"", la Macif est un employeur inclusif et respectueux de toutes les singularités. L'ensemble de nos offres d'emploi sont accessibles aux personnes en situation de handicap. 

 Reconnue Top Employer 2024 pour ses pratiques RH, la Macif s'engage à promouvoir la diversité et à garantir l'égalité de traitement pour tous. 

 Description du poste :
 La Data constitue un actif stratégique et représente aujourd'hui un enjeu majeur de transformation pour la MACIF. Dans ce sens, le Data Office a été créé comme un véritable pivot stratégique et transverse aux métiers et aux fonctions support. Il coordonne la gouvernance data, porte les projets transverses data, valorise le patrimoine data et anime la communauté data 

 Au sein du data office vous intégrez l'équipe Gouvernance et Qualité des Données en contribuant aux enjeux stratégiques liées à la data à la Macif , et plus spécifiquement sur ce poste, à la gestion quotidienne de la qualité de données pour une mise à disposition de données fiables aux utilisateurs data 

 Qu'attendons nous de vous 


Proposer la conception et développer les contrôles sur les processus métiers les plus critiques des différents métiers (Marketing, RH, Sinistres,...)
Produire des reportings sur la qualité globale des données avec des indicateurs Qualité des Données
Analyser les résultats des indicateurs qualité des données pour proposer des plans de remédiations les plus adaptés au métiers
Apporter une expertise aux métiers pour mettre en oeuvre les suivis des plans de remédiation
Créer, développer, mettre en oeuvre et maintenir les interfaces et outils de contrôles
 Description du profil :
 Diplômé(e) d'un master dans le domaine data analyst, vous justifiez d'une expérience professionnelle minimum de 3 ans dans le domaine de la qualité des données : 


vous êtes force de proposition pour assurer le pilotage et la conception de développement de nouveaux contrôles pour les différents métiers
vous avez le sens de l'analyse pour identifier les plans de remédiations sur certains indicateurs de qualité des données
vous avez de très bonnes aptitudes relationnelles pour animer le suivi des plans de remédiaiotns avec les différents métiers
vous avez le souci de bien comprendre les processus métiers pour identifier les contrôles les plus pertinents à mettre en place selon le métier
vous avez l'esprit d'initiative et de synthèse pour remonter les alertes auprès de votre hiérarchie
vous maîtrisez les outils data (Tableau, BO, Dataïku, SQL, Python, Collibra...)
 Informations complémentaires :
 Salaire : 40-50Keuros brut annuel (selon profil) 
Travail du lundi au vendredi (horaires variables) 
Forfait annuel de 203 jours travaillés 
Possibilité de télétravailler 100 jours/an (à partir de 6 mois d'ancienneté, tickets restaurant) 
Restauration d'entreprise 
Participation/Intéressement 
Des parcours professionnels diversifiés et une offre de formation élargie 

 Date prise de poste donnée à titre indicatif",https://fr.indeed.com//pagead/clk?mo=r&ad=-6NYlbfkN0Ba36Xb5138LR4SGx1YG4UkETr0jB5uojC48JPN-wyQRzy_TgHqFQIojyIjln0XrNRJWzs93rz7fDz4NwsEOdLrCmat3kDijiFdoUzuAFKiiMNNfG8LWxi0rrnhXo0ZjHBPSZSGxKQGBXv-ZxmA1rRlsOSDPRN25R8dcJWqjYQpVTUexqk2Y2EyqqV3sdYOZDu5HjpCRDBUNNM-fu6NS-olAbiLNAMWNSC62wjgOCBqFvazFJac_7a8ZennBdyJfWKSQCQ5KHUdxdnOgIInoZmzESPS5WqBqumo1xV1F0rWtSI5WvCDdawztkefY2tQ0TKmTlAozrfoWmFgvClDsNVHvNrSdcKk8JY5cwlaaYbSX4pc3ELNxvilu3T0yObr0AfKfWsflyDqRa07Z01JbvsIl8PBYcum3JJheZMHmPKuKX2HLblcRftj91eVb9NJhzBasG-IjbhbwQpt5yNnr_ysmgERfOt5ZPnLpI7-OSHYiqTUZAnyIQAhY3heFQlFDWeotdKfp7e1y7RK5VQOpZtz-6run_odhYiqvrjPFTnLCw5vIgv6N3Wt4-j0d83ut-gNvmxkKpnc_XCkVXG68Ik-xWX3uoAUTas4FNoKICO7YZ3opbqxGED19xqITAHUUnPEe2S1_0i0PzIXrJphiKaBXLO-xn23v-aW-LQfj3u9DRkHGWuTEQzG&xkcb=SoCu6_M3A78x3swHIZ0NbzkdCdPP&camk=H-lBaXMUocK15GI7_c9wZQ==&p=6&fvj=0&vjs=3,"['De 40\xa0000 € à 55\xa0000 € par an', '']","['CDI', '', 'Temps plein', '']","['Du lundi au vendredi', '']"
7,2 Analystes développeurs Data / ETL F/H,THELEM ASSURANCES,45430 Chécy,"
 Description du poste :
  Nous recherchons Deux analystes développeurs Data / ETL (F/H) en CDI pour rejoindre le siège social de notre compagnie d'assurance situé à Chécy (45).
 Au sein du Domaine Etudes, Développements et Recettes (équipe « Décisionnel et big data »), vous assurez l'analyse, le paramétrage et/ou la codification des composants logiciels applicatifs tout en respectant les normes et procédures ainsi que les évolutions souhaitées.
 Missions :

Vous réalisez les études en collaboration avec les architectes, rédigez les dossiers de conception technique et réalisez les prototypages et chiffrages
Vous documentez et réalisez les développements (de flux d'alimentation notamment) conformément aux spécifications
Vous élaborez les jeux d'essai et réalisez les tests nécessaires, identifiez et traitez les anomalies et/ou dysfonctionnements et contribuez à l'amélioration des processus
Vous rédigez différents documents relatifs aux processus de livraison et à la connaissance technique du patrimoine de données et de leurs traitements
Vous réalisez les travaux de maintenance corrective et évolutive nécessaires et mettez en œuvre les améliorations de traitements
Vous participez à l'analyse des incidents en lien avec les autres services.

 
Avantages : 
13,5 mois, épargne salariale (PEE, PERCO et abondements), mutuelle, prévoyance, horaires variables et RTT, restaurant d'entreprise, 2 jours de télétravail par semaine, service de conciergerie. Profil du candidat recherché :
  Vous êtes titulaire d'un diplôme de niveau Bac+3 à Bac+5 (BUT STID, Master informatique) et disposez d'une expérience d'au moins 3 ans en développements de traitements d'alimentation de données via un ETL (idéalement Talend, ODI ou xDI).
 Vous maîtrisez impérativement les langages SQL et SGBD Oracle / Snowflake et êtes capable de prendre en compte les contraintes liées aux bases de données (notamment volumétrie et performance).
 Des atouts pour votre profil : connaissance d'une technologie Data dans le Cloud, du secteur assurantiel.
 Sens de l'analyse et de la méthode, fiabilité, agilité, respect des délais et capacité à travailler en équipe sont vos qualités attendues.
 Vous avez à cœur de tout faire dans votre métier pour satisfaire le client et ainsi contribuer à sa fidélité et à sa recommandation. Eléments à préciser lors de votre candidature :
",https://fr.indeed.com//pagead/clk?mo=r&ad=-6NYlbfkN0CffCF_eYVCxA7hB6pktR4DObaN8sZLO04Pe8mDAnRaWVq9Jr2MI38_gv3U93w9UPvVJuFC5-uOBju4-HR8_pD5EF0WziPHHL7vRAwVULC_lw6hv7ZlBxbxNBJgGBqJm16rvqN1toJE8LsaUdymgoDUsldDgBeoEleLklztuoPEHExaAOXMXLOILkIQQoQOsp75AJibZnjo-5jH8jy-VNa4_c9WyUvCq-I1hc3fZhhw95u1itF4HnjAVPgnlIDHbK7WzrsJIV7VIKA5tPhb5d7r7tqikzbUz0dJPcE_YnM16XmI-p6iSBwDAyt7Sc_tBnyio4Volu5aGmy0gezRrbKjqCVAELRb6Ohf7-suw95Oit9m9sACNZSzIB1R4pjSTCa9iX92Gi_WukzlKt3Jj6_OlaE4wUuPabA0t7tfStK5HukHpwFtWFKyVFZkbxCoYB_W4rYJ1Xv3gfvr-prkngX9GdzjA1yCtl6lWi1Y227uTbwT1WlXdr_LdQSmepjYdxX9Sq_yO0tHSfpdSdTDnh6IkFwtqY9tXlwbLKsqHACkHbTvjKTpmpXVu1PJToEU16IV-T3cA5R630VSdt7QEYQIc1M4ITYrLYxo1tKETmpMricE3p05qMozIH-yFq_pa-IlKxbfn-3sGeA5u0oGXI2u&xkcb=SoAa6_M3A78x3swHIZ0MbzkdCdPP&camk=f416UQcMBpDqOVIPeCberg==&p=7&fvj=0&vjs=3,,"['CDI', '']",
8,Data Analyst H/F,GROUPAMA PROTECTION JURIDIQUE,Nanterre (92),"Nous recherchons un.e Data Analyst pour rejoindre l'équipe Actuariat / Technique / Data composée de 5 collaborateurs, à partir de septembre. 

 Le Data Analyst aura en charge le pilotage et la gestion de l'entrepôt de Données techniques. 
Il/elle participe activement au pilotage et à l'analyse technique de l'entreprise et à l'amélioration de la qualité des données en tant que référent. 

 Plus précisément, les missions sont les suivantes :
 . Assurer le reporting et la diffusion des indicateurs mis en place et les analyses et recommandations relatives 


En mettant en place des productions automatisées et normalisées sur l'ensemble du portefeuille
En veillant à la pertinence des reportings et indicateurs proposés
En assurant leur amélioration continue.
 . Participer à l'amélioration de la qualité des données :


En réalisant une cartographie des données utilisées
En modélisant les chaînes de collecte, de stockage, de traitement et de restitution des données
En définissant des contrôles Qualité des données de bout en bout
En identifiant les points de faiblesse
En définissant un plan d'actions de mise en conformité
En pilotant activement le plan d'actions défini
En participant à l'animation de la Qualité des données au sein de GPJ
En complétant et en tenant à jour l'ensemble de la documentation
 . Créer de nouveaux indicateurs de pilotage technique 


En étant force de proposition pour développer de nouveaux outils et faire évoluer les outils existant
En utilisant l'entrepôt de données qui sera mis en place
En réalisant toute étude nécessaire à la maitrise des risques techniques
 . Superviser et piloter les principaux travaux Data 


Faire évoluer la data au fil de l'avancement du projet de nouvel SI
En formalisant un cahier des charges ou des spécifications techniques selon le besoin
En définissant la stratégie de déploiement et sa mise en oeuvre
En coordonnant et en suivant la mise en place opérationnelle (planification, instance de pilotage, circulation de l'information, suivi du calendrier)
 Ce que nous recherchons chez vous 

 Vous disposez d'un Master Statistiques/ Data 
Vous avez de l'expérience en assurance non-vie et des connaissances sur les principes du provisionnement 
Vous maitrisez impérativement SQL 
Vous maîtrisez Excel et le pack Office 
Vous avez des connaissances de Tableau Software (desktop et server) 
Vous avez une forte capacité à manipuler des chiffres, à analyser, structurer, rédiger et recommander 
Vous avez des capacités d'animation et de gestion de projet, une expérience en tant que Chef de projet serait un plus 
Vous êtes reconnu(e) pour votre rigueur / fiabilité, bon relationnel, esprit d'analyse et de synthèse 

 Ce que nous avons à vous offrir? 
Du télétravail jusqu'à 2 jours par semaine 
Un parcours de formation sur-mesure?: développez votre potentiel grâce un parcours de formation dès votre prise de poste et tout au long de votre expérience chez nous. 
Un package salarial sur 13 mois composé d'une part fixe, de primes sur objectifs, d'intéressement et de participation, PEE & PERCO ... 
Un CSE : offre promotionnelle, chèques culture/ vacances/ noël, 
Autres avantages : restauration d'entreprises, le remboursement des abonnements de transports publics en IDF à hauteur de 65%, forfait mobilité durable et des tarifs préférentiels sur les contrats d'assurances,?.... 
Des locaux neufs et confortables avec du Flex office 
Une ambiance conviviale et des moments de partage réguliers au sein de la grande famille des GPJiens : défis sportifs, challenges, concours, ... 
Donner du sens à votre travail, dans une société où le droit est difficilement accessible, notre ambition est de simplifier l'accès au droit pour tous. 

 Notre processus de recrutement 
#1 - Echange téléphonique avec la Chargée de recrutement 
#2 - Entretien RH avec la DRH 
#3 - Entretien opérationnel avec le manager 

 Chez GPJ, chaque voix compte, chaque talent est essentiel. 
Nous croyons que la diversité et l'inclusion contribuent à notre succès commun. 
Tous nos postes sont ouverts aux personnes en situation de handicap.",https://fr.indeed.com//pagead/clk?mo=r&ad=-6NYlbfkN0AwMULmlYjVk_Br5rNmm-MHe0EXU9eEpgTPCbIqjx6pfNUp9Q-qHNdwfrntbkgol-9Nnn6O6MXBxS5Wy7qJWgdhvwcE_Aiy0tjB5CKcKRdIL48UAHfG-hJowcJitTfkQOpU-Uj3TF9nT4OZ1QRY3P2sPMtd9b34M4-1ZyBlaYV8WhEh0YDmtcU0div8GGnKvWsI8vqym0kgY_KT5hm2a5U8tGDHKcYgANjNkuXuJicuEYBKvUTNx_XL3JD5asMJTBz72KDmWAaHx8S-wYYyjPistrTERcF2MIOinSdn_F4dPeOwET9NYD32YXZIUY_OwJ0fDGr16rnww4l1uYHx7CL-jEic-ePmKRru8CQ6tbG2l4e89dFuvtH5L1_LvFsBy4zh9ANdPYX-nI3R8AmxALLdkMp6CWMh2KN2B3lP-SsBxwEjm9CFGF3np2o4sgqJAhpY680Y9VNaVRK2UbF-Lvgcki4_BpH88gG63brzHaSx4henYGSBTPdn6hVqcqehCloCZ6kOV4pWcDDqeOqxY_WalmAzdbOtX3QO9ZKXyMm6H5IyZm1Utn90QAr0MdxVNmYv6YY39PXULXKQZIFQUXvATNEPzHu_R5YL8GFUpVeYcJvwEGQO1-b7WMFBrwpmFF3R5FPHbOqGaEN8v1axvmRl9vDpDwcRAU1a77fOFJ8Dxmo-lyx1M-Jgt9Z_qU7mYNwyIYcUzQHxfDvlGshjQRWBZpuHWb5CSxNNiBbai9u4ZjyYbxiAgPdambseRYbJvL9nHirpQ_4CVvg7mqHJlFEX5oG5MfiYKSwQ6wySfbrTJwgVObU1k_Iulgqq8W0iEBNx-QDMeGYJLiJf-EV5C8NwKbfhE2HMFco=&xkcb=SoDz6_M3A78x3swHIZ0DbzkdCdPP&camk=4HOcmqOLYrBnM6MEFBl5vA==&p=8&fvj=0&vjs=3,,"['CDI', '']",
9,Alternance Data Analyst,The Nuum Factory,69009 Lyon 9e,"The Nuum Factory, école spécialisée dans le numérique, recrute pour son entreprise partenaire un(e) Data Analyst en alternance.
Description du poste :
Au sein d’un domaine technique et opérationnel, le candidat retenu sera chargé d'appuyer les managers de l’agence sur la performance et le pilotage des activités, en se concentrant sur la Dataviz et PowerBi.
Missions :

Collecte et analyse des données pour améliorer le modèle d’activité de l’agence
Développement de nouveaux rapports, tableaux de bord, et automatisation de leur mise à jour
Mise en place d'outils d'analyse des données pour améliorer les modèles de maintenance
Analyse des données techniques sur le parc de matériel et mise en lien avec les variations de performance

Profil recherché :
Diplôme préparé : Mastère Executive Data Manager / The Nuum Factory
Autonomie, capacité d'analyse/esprit de synthèse
Sens du relationnel, esprit d’équipe
Aucun frais n'est à prévoir pour le candidat
Type d'emploi : Alternance
Rémunération : à partir de 926,00€ par mois
Formation:

Bac +3 (Licence / Bachelor) (Optionnel)

Lieu du poste : En présentiel
Date de début prévue : 02/09/2024",https://fr.indeed.com//pagead/clk?mo=r&ad=-6NYlbfkN0BUSU0xkuXoEGTvtc1jybto3aAo5P1-LUAppR8DQiAW1x5on1opNuE3qSZYAROQMYPlZr7D-SQrVhe-4hSuoPZCMQiYgFkt8OnZQ5IMISmHt-1RKhHh51eYrRrjZ9qfXeTf5mHe2ByvLYLxS7ag_zRfIVG8sJYYyB6M-ONUcM5e6PWnHe1Bbazhwe2BbPyawHrTYg6nM5vacVLAAHrIBmQ6Lz5EPthRJS5hdNs-Bn8nFzyQWd6kDcIniNPnqqzjCzn6kheTjEY4Lrrv_ps6gUPyyLulth2y4RrYlFn1PytQLBfufVgr49haAnlRFP6dqmKc-puOAejL9pmg3dZs7wK9MSyDP0yYTiEMs7GaU8bCgdujffJJdGauXLYuBVgRBWgRzGvKWtxymXwP7wwYPfAczWw5mj-GU0t_KWhrvQxHPoekZe790P17iLJbVzewszlSmpRQ0anrSzQGmV8aSxtUgex5AEo57DNcAffTe2zY0UgGKIc1wq4XhddwQx_s0xzUDp-9pUmH_yG_OwA7yH8FC5qM5qaJZgToc-OW0C7rJJV02VAfGPPuVXbnesHoSeLQvmDu98c4-SJ7z3YneeytDche8_FhyiGh6X5vF4OAABZLT5DYqBHB_J9HKtPJY4zez8FzeGrUJuHnidBicizr1RUaqSZD0vA=&xkcb=SoBH6_M3A78x3swHIZ0CbzkdCdPP&camk=nUmJqO2E8rgvpEYkaJRZlg==&p=9&fvj=1&vjs=3,"['À partir de 926 € par mois', '']","['Alternance', '']",
10,Data Analyst/Engineer H/F,MOBILITY TECH GREEN,35700 Rennes,"Intitulé du poste : DATA Analyst / DATA Engineer H/F
Statut :  Cadre
Direction concernée : Direction Technique
Situation hiérarchique : Sous la responsabilité du Responsable Pôle Data
A Propos : 
Mobility Tech Green est une société d’ingénierie spécialisée dans les mobilités professionnelles connectées et leader de l’autopartage B2B en Europe.
Riche de plus de 12 ans d’expérience, Mobility Tech Green commercialise et développe une solution technologique globale (équipement embarqué, gestion informatisée, application mobile) pour véhicules en libre-service sous les marques e-Colibri® et e-FLEET®. Ses solutions sont aujourd’hui déployées dans les trois plus gros parcs automobiles professionnels en France (Orange, EDF/Enedis et La Poste).
Le pôle Data joue un rôle clé dans le pilotage stratégique et opérationnel de l'entreprise. En synergie avec les autres services, il œuvre afin de mettre en place les outils de pilotage et réaliser les études qui répondront au mieux aux besoins internes (direction) et externes (clients).
Aujourd’hui, l’entreprise recherche un/une Data Analyst. Vous intégrerez ce pôle situé au siège de l’entreprise à Rennes, vous trouvaillerez en lien avec un Data Scientist confirmé responsable de ce pôle.
CE QUE NOUS POUVONS ACCOMPLIR ENSEMBLE
· La réalisation d'analyses répondant à une problématique de l'entreprise ou de l'un de nos clients ;
· Aide à la définition de KPIs pertinents pour l’optimisation/compréhension des comptes clients ;
· La création de tableaux de bord et de reporting dans notre solution e-Colibri ;
· Rendre les données plus compréhensibles sous plusieurs angles d’analyse par la dataviz ;
· Industrialiser et automatiser le nettoyage de la donnée selon les spécifications retenues.
· La spécification des besoins « Data » dans le cadre de l'évolution de notre solution ;
· Explorer des nouvelles sources de données et spécifier les besoins pour une intégration future dans le système d'information ;
· Assurer le suivi de production et la maintenance.
Selon l'activité du pôle Data, d'autres missions connexes pourront vous être confiées.
VOS COMPÉTENCES :
· Vous êtes titulaire d'un diplôme de niveau Bac+5 spécialisé en Analyse Data Mining et/ou Décisionnel ;
· Une bonne connaissance des langages Python et SQL est indispensable ;
· Une connaissance en C# et .Net. est nécessaire ;
· Une première expérience dans une fonction similaire est souhaitée ;
· La connaissance de l’univers de la mobilité serait un réel atout ;
· Vous êtes reconnu(e) pour vos capacités d'analyse et d’argumentation, votre rigueur et votre esprit de synthèse ;
· La maîtrise des solutions BI type Tableau Software, Power BI ou QlikView serait appréciée ;
· Impliqué(e) et engagé(e) dans vos actions, vous aimez vous inscrire dans un travail d’équipe où vous saurez apporter votre force de proposition.
· A l'aise à l'oral et doté(e) d'un bon sens relationnel, vous aimez présenter vos analyses et recommandations lors de réunions de restitution ;
Cette offre vous parle ? Alors n’attendez plus !
DEBUT DE CONTRAT
Dès que possible - CDI
LIEU
Entreprise située à Rennes
CONTACT
recrutement@mobilitytechgreen.com
AVANTAGES : 
· Cadre de travail agréable au sien d’une équipe jeune, bonne ambiance.
· Une aventure humaine riche, des rencontres fortes et des interactions avec plusieurs métiers de digital et autres.
· Possibilité de faire du Télétravail
· Tickets restaurant/mutuelle
· RTT
Type d'emploi : Temps plein, CDIStatut : Cadre
Rémunération : 36 000,00€ à 42 000,00€ par an
Avantages :

RTT
Travail à domicile occasionnel

Programmation :

Du lundi au vendredi
Travail en journée

Formation:

Bac +5 (Master / MBA) (Optionnel)

Expérience:

Data Analyst: 1 an (Optionnel)

Lieu du poste : En présentiel",https://fr.indeed.com//pagead/clk?mo=r&ad=-6NYlbfkN0BIyuyDzSuZdAKmNksMTQPPbC7U_O8lUSlS5BW4eqPNfEtuL0y21uYyEB5AlIpSKlQQEWjTEUM49o0hWfy1VGGQJaQydMsGimFCPM6AFIM0qMh-b45FA2hQptAwRMXGR4J2p9ssDTS-KUdizhg8A5-HoNIAJMJ9J4HGA8EWGJWuGeSxpH08CNGTQS5xTpv2N1gRAi16WmWHEkY0VlnYGdBzjQqkfNaOq3XmYHOxok-WniFJeqzAV9_nzpVS-AXWkI8XeC67FoYLTcw9JrBLPqEGC_l_Bygr6LG8pYKrdtsESncxa2iaFwf_jGES3VvJOYE_TWw53ExIy5CbwiuDC7p4UL-xzHGvtyb1Tl2YKF54FnMC9a6UQr1ynEmGJbD7awvn2zAy9cuRYqQmZjksxVicIjWAcHRHtoTObqgp3YaNEKe5wt26llC55iissHZTXq8uJaur_wziQDvzAnPdoHra352j_0Dh_UAYgK6MD_JcjQcCh7Jnh1tXH-QST2DuVaOxTIFp3JFAflVJ3Jh6gC8rxiZp2t_2_tx0fJxk9hCCaIKvNN-2KIMiEGNciBnQHEVVTdWsEw73mU8Mrd-PEJ_VVb4PJlQgSWfNn00k-bqPgvA7qr-7LONizv4OB7zJEdE=&xkcb=SoDa6_M3A78x3swHIZ0BbzkdCdPP&camk=4HOcmqOLYrDPcviC3xeKCg==&p=10&fvj=1&vjs=3,"['De 36\xa0000 € à 42\xa0000 € par an', '']","['CDI', '', 'Temps plein', '']","['Travail en journée', '', 'Du lundi au vendredi', '']"
11,DATA ANALYST (H/F) - CDI - NANTERRE (92),GAN ASSURANCES,Nanterre (92),"Gan Assurances, filiale du Groupe Groupama, est une entreprise à taille humaine qui constitue, grâce à un collectif de 5 000 personnes, le 5e réseau français d'Agents généraux. 

 Rejoindre Gan Assurances, c'est avoir à la fois l'opportunité d'évoluer dans un environnement convivial et bienveillant mais aussi de monter en compétences sur des missions porteuses de sens. La confiance, la proximité, la détermination et l'efficacité sont les 4 valeurs partagées par l'ensemble de nos collaborateurs au quotidien. 

 Le Datalab de Gan Assurances est composé de 30 personnes en charge des extractions, tableaux de bord et analyses statistiques au service de la Direction Générale et de tous les métiers de l'entreprise. 

 Il a en charge la production de Data et Analyses au sein de l'entreprise au travers de ses 3 pôles : Technique & Financier, Commercial et Opérationnel & Parcours Indemnisation. Composé de spécialistes du data mining, de la Dataviz ou de la Bi, le Datalab centralise les outils d'aide à la décision de l'entreprise et diffuse la culture de pilotage. 

 Le pôle Technique & Financier du Datalab recherche un(e) Data Analyst qui travaillera en étroite collaboration avec le métier technique. L'appartenance de notre équipe à la Direction Technique facilitera vos échanges et votre compréhension des projets et problématiques. 

 Vous travaillerez plus précisément sur 2 sujets :


La vision technique et les indicateurs de rentabilité (Sinistres / Primes)
 Sur la vision technique, vous serez le référent au sein du pôle. Vous mettrez en place avec l'actuariat produit les indicateurs qui nous permettront de suivre la rentabilité de nos offres produits. Vous garantirez le calcul de ces indicateurs et développerez les restitutions attendues en y apportant votre expertise métier. 



Les études et tableaux de bord du marché construction
 Sur le marché Construction vous serez le référent technique de ce métier en participant à l'élaboration des tableaux de bord de Pilotage. Vous accompagnerez la Direction Construction dans ses besoins de pilotage (extraction, analyses et projets) en développant les outils et restitutions attendues. 


Vous êtes diplômé d'un Master Traitement de Données et statistiques avec une composante financière ou actuarielle.
Vous justifiez d'une première expérience réussie de minimum 5 ans, dans le domaine du pilotage financier/technique dans le secteur des assurances.
Vous êtes expert du langage SAS/SQL et connaissez la solution de Dataviz Qlik ou équivalent. Des notions du langage R seraient un plus.
 Le processus de recrutement :


Préqualification téléphonique avec la RH Eléonore
Un entretien RH via Teams avec Eléonore
Un 1er entretien Manager avec Akli ou Mikael
Un 2ème entretien manager avec Maryline et Sabrina
 Les recrutements de Gan Assurances reposent sur une politique de recrutement inclusive et diversifiée ainsi que sur le respect fondamental du principe de non-discrimination et d'égalité de traitement des candidatures.",https://fr.indeed.com//pagead/clk?mo=r&ad=-6NYlbfkN0AwMULmlYjVk_Br5rNmm-MHe0EXU9eEpgTPCbIqjx6pfNUp9Q-qHNdwfrntbkgol--JCTPDXUhs7vRLKzjzhzx6nFgWYmU7x7q9sSo9IMofza90Uy9f3gdnAprEkusuOhx_WdQFUlD9zwrfjU-eZpUuN_pyKxjsBcdGM4jE5XoWpfSAhD0v5q8vRLCkYsqm1TPnncEWzRcnNC93aA9KkJTDzGxbLsQdZHZjaphGgyRjgSHoCaUjmkuiPUGhujwPLkBC05L2gj_dAIxf-3sS8gLiItm_MEl_aBbLV9rZCNBQmMrqFAvg5gxKReI3bpCqi3UXosw1N8Ku-wLlV7NhiL-wPQ763bO5fUfhuAdiUviML9fsHFbP5sYFoUtufkMxZph4M6-pFITINU6MgMSV8gQfCFJgSy7XKZQxKJk_X6UTD4PqbRDpQU5Gdv-OyA1g2MeTh6s-TcrhvAFeQzqZq8wICmSHmU5xuuhs9Vyxk1XZmKG9uAZW7_iePE__lFJjTT9pxGXifH5aw971fUwKLlCm8M3QVSXyVlDNipTlnS5pPWZAJn1BOuMIZmT5Zqbo-MtK_CWxA2M14JDHXeTFBWTdlJxE40NuOWdxLbb11o6knEl2P6o7HmA4HuSqhxZIS2ev8ndm6nNfskTvdEgUB7N91JzZ7MOBQEDj0N1-EqJiEvhXCMsohvLWicUORPM2TyBIo37EvZQ6kw3itAdNegchkTOHtc-WZb8Lit2Cce8SSsdN1gjD7DS28cVJFQWZisTwKI6ICkKdeIUeeelUZKoepsaqLanU4-rfzL5OePiElL4tliq_xFuIYvKoIIW2KDQHIa42_vEuIFG5oY55l9PYewwpMxGbTQ6eKeqIEcLAd92FUdgoj2RzryTr_8Zm3g_DrgVcepQkQw==&xkcb=SoBu6_M3A78x3swHIZ0AbzkdCdPP&camk=4HOcmqOLYrBnM6MEFBl5vA==&p=11&fvj=0&vjs=3,,"['CDI', '']",
12,Analyste data / Reporting (F/M/X) - Vannes (56),Saur EUROPE,Vannes (56),"

Pure Player de l'eau et des services essentiels, le Groupe Saur œuvre pour la protection de l'environnement au cœur des territoires qu'il dessert. Depuis toujours, Saur agit pour offrir la même qualité de service aux petites communes, aux grandes métropoles et aux industriels, guidé par sa raison d’être : redonner à l'eau la valeur qu'elle mérite. Saur est présent dans le monde entier : Arabie saoudite, Chypre, Espagne, Etats-Unis, Finlande, France, Italie, Pays-Bas, Pologne, Portugal, Royaume-Uni. Chiffres clés 2022 : 1,9 milliard d’euros de chiffre d'affaires net, 9 200 collectivités locales et clients industriels sous contrat, 12 000 collaborateurs et 20 millions de consommateurs desservis dans le monde.
 VOTRE QUOTIDIEN CHEZ SAUR
 Au sein d'une équipe ""Reporting et Pilotage des Flux"" positionnée sur le Centre de Pilotage Opérationnel de Vannes, vous serez le référent/la référente en Analyse Data.
 Vos principales missions seront les suivantes :


Appréhender les missions de l'équipe planification, supervision et reporting afin d'apporter des solutions d'amélioration de leurs outils de suivi
Créer et produire des reportings
Mettre en place des solutions Data pour le contrôle des flux et l'aide au pilotage de l'activité
Communiquer sur les solutions apportées dans le cadre des projets
Analyse des indicateurs pour apporter des solutions opérationnelles
Accompagner l'alternant ""Analyste Data"" durant ses études

 VOTRE PROFIL
 De formation bac+3 / 4 ou d'expérience similaire, vous êtes réactif(ve), organisé(e), rigoureux(se) et aimez le travail en équipe.
 Vous avez le sens du relationnel et aimez partager les projets. La capacité à travailler sur plusieurs sujets (agile) et un esprit d'analyse sont essentiels pour occuper ce poste.
 Les outils utilisés pour ces missions : 

Excel 
Python
Connaissances des API (REST)
La connaissance du CRM Salesforces ou de Genesys Cloud serait un +

 Déplacements exceptionnels.
 VOS AVANTAGES CHEZ SAUR
 Vous intégrez Saur sans période d'essai. Votre rémunération vous sera versée sur 13 mois, accompagnée d'une prime d'eau, d’une prime de participation et d’intéressement selon les résultats de l’entreprise, ainsi que d'une prime de congés payés (correspondant à 30% de votre rémunération brute mensuelle).
 Vous bénéficierez d'une mutuelle et d'une prévoyance Santé. Vous aurez la possibilité d'ouvrir votre Plan d'Epargne Groupe et votre PERECO, profitant de l'abondement de l'entreprise. Vous bénéficierez bien sûr de congés payés, mais également de RTT.
 Intégrer Saur, c'est intégrer un Groupe qui vous offrira de belles perspectives d'évolutions professionnelles et attractives. La #missionwater n'attend que vous ! 
Le Groupe Saur favorise la diversité et l'accueil des handicaps.
",https://fr.indeed.com//pagead/clk?mo=r&ad=-6NYlbfkN0BDcq7SQFkNIx8mipP8hy2MnmNP7WWq6HZnPXRFI6TCPTcj_EPL2mHl8zm6IdGerfPO6evDlAVPqE_yID-dc5U08DKQ5BNGNc72eMI_hNh562LhEzWoeLPR5tXkQzjzxeMe2zIRPswDS7Xi0GaraWgRdyfkwHC5YzrO8lcFmotOUoQtudM079FkMm38HRWn8q67lF68gjFys0pKZcmUdZsb_adqhqg6ze7OyLGtB-lPTSgKjFhPb_nOfIGkHXWE6GKT8S0o-kiBcwOtqOr3WpTu-w1OklWQvfBBA0jlQT52HJKbysCqlWdIPHGNPqDLX28DDeopfqODCkef3VvU6c9Z12bBWdZPKon-sYAOOx4o0c7NDH2bjiH4gf7vGft2TQL_-gseoK_hp20jFYGj8Cx5K48LFZlV8Nkq7J8PCz4qOdLXAcmUEMdvKZnblb75Orb8c8XqKvFpx6MVuk3_oW3JdamAqQ395UF7v2pKByxFdgSEzaP3PSlBdCNMGBJ0Cu7J3r0JA634jM2noVBGPU8GL2yCnCuhIxjSK6V0UwZfPvZcVVdrxXCSSEb4C-DHm7pSNXolGgz5OBY1mdZeco4CcgsQSBhdgbZ5WJe5Cbm38c7FfHww29IV3cZnI5JF1ceCvfPQGe3xlQWzAEV4nipW9V2q9vRZvdYM2H6pcmy-u9r9hmWy_x9QVytB1zD8pQusPg56yxWMOTDvOdWiV2muxvW9TLs6R_UShlnjZjIMzjvZXiT_64qbJ0MVgVWnFL0=&xkcb=SoDg6_M3A78x3swHIZ0HbzkdCdPP&camk=nUmJqO2E8rjNidrfEHihHA==&p=12&fvj=0&vjs=3,,"['CDI', '']",
13,Apprenti(e) Data Analyst H/F,ALCATEL - LUCENT ENTERPRISE,92700 Colombes,"
Rejoignez une entreprise au cœur des innovations digitales !


 Nous sommes ALE, au service de plus de 830 000 clients dans le monde sous la marque Alcatel-Lucent Enterprise*. Avec nos partenaires, nous fournissons des solutions personnalisées de Communication, Réseaux et Cloud, à nos clients, visant à améliorer leur flexibilité et leur croissance.
 Visitez notre site internet


 Quel est mon rôle ?
 En tant que Data Analyst, vous serez en charge de l’analyse des données de performance des partenaires d’ALE, de l’élaboration de statistiques et du suivi opérationnel du programme d’incitation annuel « Performance Incentive Program ».
 Quelles sont mes missions ?

Recueil et extraction de sources de données ;


Analyse des données recueillies et tri pour prise de décision ;


Gestion et stockage des données grâce à la mise en place de solutions,


Création de visualisations de données percutantes pour faciliter la prise de décision ;


Suivi de l’exécution des prises de décision avec les équipes finances et ventes d’ALE

 . Documentation des procédures
 Suis-je la bonne personne pour ce poste ?


 Vous préparez un Bac+5 ou vous êtes en école d’ingénieurs dans le domaine de l’analyse des données ? vous maitrisez bien l’anglais (lu, parlé et écrit) et vous recherchez un contrat d’apprentissage ?
 Ce poste est fait pour vous !
 Notre candidat(e) idéal(e) ?

Posséde des compétences avancées en Excel : le/la candidat(e) doit maîtriser les fonctionnalités avancées d'Excel, telles que les tableaux croisés dynamiques, les formules complexes, les macros et la manipulation de données volumineuses.


Maitrise l’analyse de données : Il est essentiel que le candidat ait une solide compréhension des principes de l'analyse de données. Cela inclut la capacité à identifier les tendances, à effectuer des calculs statistiques, à créer des graphiques et à présenter les résultats de manière claire et concise.


Possède une expérience en gestion de bases de données : La personne doit être capable d'importer, d'exporter, de trier et de filtrer efficacement les données pour faciliter l'analyse.


A une capacité d'automatisation : L'automatisation des tâches répétitives peut considérablement améliorer l'efficacité de l'analyse des fichiers Excel. Nous recherchons un candidat qui a une expérience avec les macros VBA (Visual Basic for Applications) ou d'autres outils d'automatisation d'Excel.


Fait preuve de précision et d’attention aux détails : L'analyse de données exige une grande précision et une attention particulière aux détails. La personne doit être capable de repérer les erreurs, de vérifier les résultats et de s'assurer de l'intégrité des données.


A un niveau courant d’anglais professionnel à l’écrit et à l’oral



 Grâce à notre politique apprentissage, vous serez accompagné(e) tout au long de votre alternance pour développer vos compétences et connaissances. Aussi à travers nos 3 valeurs : Speed & Agility, Customer Centricity et Reliability, nous souhaitons vous apporter des projets passionnants dans un environnement de travail alliant esprit entrepreneur et international.


 Durée du contrat souhaitée : 2 ans
 Lieu de l’apprentissage : Colombes
 Date de démarrage envisagée : Septembre 2024
 Rythme d’alternance souhaité : 3 semaines en entreprise/ 1 semaine en cours


 Le poste sera directement rattaché au responsable de l’activité Partner Enablement / Partner Incentive (Responsable des ventes).
",https://fr.indeed.com//pagead/clk?mo=r&ad=-6NYlbfkN0Dgg_F3LPGapnyRtBkOf010cAgiqBodyLywiPSe49alHUlzrABK413qE4p8lBhZOrtjPQBgQ5U71WEnb_bfCW3zuFO2IJb2QgFPtTrAHw7yIxoWhiRHlizLLXJN0HL0GzryxJzGmvRjCE4BdCzz2zSd80m3hqwnQeZO6I9dsZRWNtspqpszjrXatT5d78A0V_WTyLHMItVSd6GgzMKtmHtfTcZwFf_iiQiAKiEAHSqYpBJ4a1Wcznu353kWgEg5nm8rqgwIp4Ur3UjiBqb2eJOllMEiql7HLkc3oxZYKMUiGow_Moj3vMzVxZvOTSSARedgzMWMaJPVKnJe-XvSbHWPtU4gHG3VvWArtsV8q9wHXY2I-BS37qvsx2yW2irqwgo_wNknhLqsUJ7WDL1KW8pRz8OWFqCK_hADecRUeD6xcB3RICpo5DYzi3tkllS_17W1nAwzm_rhtodWnvAttJ9ogFPI80Gvf_8HhK4cPRv9TIoTsPRozEAkp3Bu4ICX1APXB6ycxqE0q4KEO41xyDGw95fMiB2bq_oGBR9IGFvjYjKvDiXJP_k86NEgeaF7CzgnNpmpFxp4rU2LSW2VkvDHG9XfmJSIQbEJVIs91MHRRyYPN_WFY2xcv3K_hoVHoZOeE3VwTZ5N213tpghJNSsoyTbPok9HVvKpDJPSWlomAA13agrxslOXyO6w4dOlZytrJHZevraj0fWqqHk7xAIBXqfjfxfT3C-wVJNg6sfLuIBA7n49H_tRy4cCRKhsA_fzWIurWk7wT_gRXsQGSutazC4_KkYLkiMk0iJsU08Pm-X3GhBY5Mop2e62D4e3Vc5m04551vmk_ilQoC0CvbAJ45SztM8YAXQ=&xkcb=SoBU6_M3A78x3swHIZ0GbzkdCdPP&camk=CPChkbYSGj-sukSEIHLKiA==&p=13&fvj=0&vjs=3,,"['Alternance', '']",
14,Data Analyst orienté Data Quality F/H,Carrefour,91300 Massy,"
 A propos de l'offre :: 
  Le saviez-vous ? :  Nous rejoindre, c’est rejoindre l’un des leaders mondiaux de la distribution qui met l'accent au quotidien sur la diversité, la RSE et le digital, pour satisfaire nos clients et nos collaborateurs. En tant que partenaire premium des Jeux Olympiques et Paralympiques de Paris 2024, nous partageons les valeurs du sport en permettant à nos équipes de se dépasser et encourageons une alimentation saine au juste prix pour tous.  Vous cherchez à travailler dans une entreprise dynamique où votre travail rime avec impact social et environnemental ? Bienvenue chez nous !

 L’utilisation de la data et le développement des capacités analytiques sont un axe majeur du plan stratégique du Groupe Carrefour à horizon 2026. Directement rattachée au COMEX, l’Analytics Factory de Carrefour est le pilier de cette transformation analytique, au service de l’ensemble des équipes métier de Carrefour – Marketing, Marchandises, Exploitation, E-commerce, Supply Chain, Services Financiers, etc.

 Carrefour recherche pour sa Direction Data Gouvernance Office basée à Massy (91), un(e) :

 Data Analyst orienté Data Quality F/H

 BON A SAVOIR : CDI/ASAP/CADRE NIV 7 / MASSY

 Vos Missions

 Au cœur de la transformation data, vous êtes au cœur des process et intéractions entre les différents métiers et l’Analytics Factory. Cette position privilégiée vous permettra d’aider et accompagner les différents acteurs, data et business, dans la résolution de leurs problématiques business et data.

 En vous appuyant sur vos compétences analytiques et votre connaissance des enjeux de gouvernance et qualité de données, vous serez amené(e) à :


 Garantir la qualité des données métier / business de Carrefour : unicité, complétude, cohérence, exhaustivité, fraîcheur, interprétabilité, disponibilité
Définir et mettre en place des contrôles qualité sur les différents produits Data (en interaction avec les “Data Owners” et les équipes IT) en utilisant une solution du marché ou par requêtes SQL et data studio.
Développer le suivi de la qualité par les ""Data Owners"" (Tableaux de bord, alerting,...) et animer la communauté
Gérer, monitorer les actions de remédiation des problèmes de qualité, en responsabilisant les producteurs de données
En lien avec l'IT, définir et mettre en place l'écosystème nécessaire à la garantie de la qualité de la donnée
Faciliter l’adoption par les équipes métier et data des enjeux de gouvernance


 Votre profil

 Issu(e) d’un Bac+5 minimum, type école d’ingénieur, vous justifiez d’au moins 3 à 5 ans d’expérience dans les métiers de l’analytique et/ou de la gouvernance. Une connaissance du retail, notamment alimentaire, est un réel atout.

 Vos compétences :
 Excellentes capacités analytiques, capacité à comprendre les enjeux data et appliquer/adapter les concepts de gouvernance et de qualité de données au contexte local

 Très bonnes capacités dans la manipulation de grandes volumétries de données ; maîtrise d’un langage de requêtage des données (SQL, Big Query, Python), d’outils de datavisualisation (Tableau, Google Looker Studio) ; la maîtrise/connaissance d’outils qualité ou de data catalog est un plus

 Bon relationnel et capacités de synthèse écrite et orale, aptitude à expliquer et convaincre, enthousiaste autour de l'analytics, de la data et de la gouvernance ; capacités de vulgarisation et de pédagogie

 Rigueur, proactivité et autonomie

 Informations complémentaires :

 En rejoignant Carrefour, vous bénéficiez d’avantages sociaux élaborés pour vous fournir un cadre de travail des plus attractifs et flexibles :


 Le télétravail à votre rythme : jusqu’à 2 jours de télétravail par semaine et 3 jours de présence sur le site de Massy en flex office
Une activité en plein scale-up avec des équipes qui s’agrandissent
Des avantages sociaux et financiers attractifs : Primes, intéressement, Participation, Avantages collaborateurs sur achats Carrefour, Régime de retraite, Mutuelle avantageuse, Comité d’Entreprise généreux pour vos Loisirs, Voyages et Équipements, etc.
L’accès à des services exclusifs à Massy : salle de sport, crèche, plusieurs options de restauration au sein du siège avec participation CE, infirmerie, téléconsultation médicale, conciergerie, coiffeur, etc.
Carrefour s’engage pour la santé et le bien-être de ses collaborateurs en leur proposant une solution gratuite pour faire du sport : Gymlib
Un accès à un large choix de restauration (dont Paul et Starbucks au sein du campus)
Des opportunités de formation continue (l’Université Carrefour, la Digital Academy)
La mobilité internationale : des plans de mobilité pour nos collaborateurs qui souhaitent rejoindre l’une de nos neuf filiales


 Chez Carrefour, nous avons à cœur de ne passer à côté d’aucun talent et sommes fiers de compter des équipes représentatives de la société dans son ensemble. Nous encourageons ainsi tous types de profils à postuler à cette offre et garantissons un processus de recrutement dénué de toutes formes de discriminations.

",https://fr.indeed.com//pagead/clk?mo=r&ad=-6NYlbfkN0D6Vm2fuRAk4F2ajDmyZaAaoUNMoxogVv5C6U7FA23-6Bwg8cBsQf2wH8pSRYl0TozyaXJiMGM8-Y_ArK0c6PXt9wo9RaFiN6_YxbQK_AnNaEiTrYEo8c1SVrfNuIEJSLc2xVV5wAft8JD2ZMBPBPRO3HL3p19cVz67-YWGFiKCVy42qnep4dEYHl3_2jtCDWTeD0UPvjaIz9DaL-5FblR5J36zB9w428-hWhMOSxhf4HRUOGGLT9VN-hHR-dRVFtHvYRaIwciqOCkQknX41-VmV3r2HycimVwikoImXFV3xSd-w3VeNM25cxFjbQo7FYby5sDO3B9OnCPcz8QBqP8Y_5D0DlmHGjlXdPNof1abXKaMrANYCYWHGtsHFTidBzs4mz5Eal4EpYuv87Qxyz1TqCIItXvTKtEk_LnWe1NH0bVLMKnRXXfB47Jfh0hYToEZaWkjfvrga9q-kknacfCYW8TNE9gNuySMCW_yOOyy88UJ2E9rSM13as5ue9RXLl2w_DjaPWLrPmQ3ofOckBi286ix_O5G0bEbrWYFym--AeB_Qyvl07nPI-LSx8BE_KG7PBmZtVRu2I41AXWEQgrgAMz2gTKEylkOD_odgGpRE0pWbiCR-obXzTRqh9Dvr6m54f0FTKPyUdkRkqzWkuQy_uR_iNTNlo2CMvJWU-RnZna-Cnc8Nd8qwfypz0PGyr0fuUN0bdEEwU_HSxSbl2TVOODQUpuihvRNiHJ4xlP4p9_UvdAsZo3ng2L_cvJAfC4Kisyqf8yAXydKuAAtSAqsTtrixySIdttXJ-tcTC8ki-bAqaIODFMOK9VF5i5mOS_3AzFs3t29BrNUOckzN2wJas6KSy3TAqIcs6NGrYhviBFSirWhNui2IwRNob7UyOhFeCDlieZZ1VD-HNgU3xV64XviPnIMl_j6SRIX_vKBMOND3H_OtB3BMyn9V4v73PeUeMU1NWFVUv1XdM2RYzipBA63gDAY0qQy90bZVyYvCw==&xkcb=SoDJ6_M3A78x3swHIZ0FbzkdCdPP&camk=4HOcmqOLYrDOyngcg2hyiA==&p=14&fvj=0&vjs=3,,"['CDI', '', 'Temps plein', '']",
